_id,name,price,description,image,category,__v
64344cc3b4a92de07f4e000e,Pol Roti,100,"Pol Roti is a traditional Sri Lankan flatbread made with freshly grated coconut, wheat flour, and water. It's a versatile and hearty staple, often enjoyed for breakfast or as a snack, and can be served with a variety of sweet or savory accompaniments. Pol Roti has a chewy texture and a slightly nutty flavor, making it a popular and satisfying choice for many Sri Lankan meals.",,64344860b4a92de07f4dfffc,0
64344d10b4a92de07f4e0010,Hoppers,100,"Hoppers, also known as appam, are a popular Sri Lankan and South Indian breakfast food. Made from a batter of fermented rice flour and coconut milk, hoppers are bowl-shaped pancakes with a crispy, lace-like edge and a soft, fluffy center. They are typically eaten with a variety of savory or sweet toppings, such as egg, coconut sambal, or jaggery syrup. Hoppers are loved for their delicate texture and slightly sweet flavor, making them a delicious and unique breakfast option.",,64344860b4a92de07f4dfffc,0
64344de1b4a92de07f4e0012,Kottu Roti,100,"Kottu Roti is a popular Sri Lankan street food made by stir-frying chopped roti bread with vegetables, eggs, and a choice of meat or seafood. It's seasoned with aromatic spices like turmeric, chili powder, and cumin, and is often served with a spicy curry sauce or chili paste. Kottu Roti is loved for its delicious flavors and unique texture, with the chopped roti bread giving it a satisfying crunch. It's a hearty and filling dish that's perfect for a quick and tasty meal on the go.",,64344860b4a92de07f4dfffc,0
64344e24b4a92de07f4e0014,Vegitable Kottu,100,"Vegetable Kottu is a vegetarian version of the popular Sri Lankan street food, Kottu Roti. It's made by stir-frying chopped roti bread with a colorful mix of vegetables, including carrots, cabbage, and onions. The dish is seasoned with aromatic spices like turmeric, chili powder, and cumin, and is often served with a spicy curry sauce or chili paste. Vegetable Kottu is loved for its delicious flavors, satisfying texture, and healthy ingredients, making it a perfect choice for vegetarians and meat-lovers alike.",,64344860b4a92de07f4dfffc,0
64344e54b4a92de07f4e0016,Fish cutlet,100,"Fish cutlets are a popular snack or appetizer in Sri Lanka, made by combining mashed potatoes with a mixture of cooked fish, onions, and spices. The mixture is formed into small patties, coated in breadcrumbs, and fried until golden brown. Fish cutlets are often served with a spicy dipping sauce or chutney, and are loved for their crispy exterior and flavorful filling. They're a delicious way to enjoy Sri Lankan cuisine, and are a perfect snack for any time of day.",,64344860b4a92de07f4dfffc,0
64344e91b4a92de07f4e0018,Fish rice and curry,100,"Fish rice and curry is a classic Sri Lankan dish that consists of a flavorful curry made with a variety of spices and coconut milk, served over a bed of steaming hot rice and topped with pieces of tender fish. The curry is typically made with a mix of vegetables like onions, tomatoes, and green chilies, and is seasoned with fragrant spices like cumin, coriander, and cinnamon. This dish is loved for its delicious blend of flavors and textures, making it a staple of Sri Lankan cuisine.",,64344860b4a92de07f4dfffc,0
64344ec8b4a92de07f4e001a,Fish Roti,100,"Fish Roti is a popular Sri Lankan snack made by wrapping spiced fish and vegetables in a flattened dough and frying until golden brown. The dough is made with a mixture of wheat flour, coconut milk, and water, and is filled with a flavorful mix of fish, onions, and spices like turmeric and chili powder. Fish Roti is often served with a tangy tamarind or chili sauce, and is loved for its crispy exterior and spicy, savory filling. It's a perfect snack for those who enjoy bold flavors and hearty textures.",,64344860b4a92de07f4dfffc,0
64344f1ab4a92de07f4e001c,Vegetable Roti,100,"Vegetable Roti is a Sri Lankan snack made by wrapping a spicy vegetable mixture in a flattened dough and frying until golden brown. The dough is made with a mixture of wheat flour, coconut milk, and water, and is filled with a flavorful mix of vegetables like carrots, potatoes, and onions, seasoned with aromatic spices like cumin, coriander, and turmeric. Vegetable Roti is often served with a tangy tamarind or chili sauce, and is loved for its crispy exterior and delicious, vegetarian filling. It's a perfect snack for those who enjoy bold flavors and hearty textures.",,64344860b4a92de07f4dfffc,0
64344f48b4a92de07f4e001e,Sambol,100,"Sambol is a traditional Sri Lankan condiment made with grated coconut, chili peppers, onions, and lime juice. The mixture is seasoned with salt and sometimes includes other spices like cumin or coriander. Sambol is typically served as a side dish or accompaniment to other Sri Lankan dishes, adding a spicy and tangy flavor to the meal. It's a popular condiment that's loved for its simple yet delicious flavor and can be found on tables across the country, from street food vendors to high-end restaurants.",,64344860b4a92de07f4dfffc,0
64344f6fb4a92de07f4e0020,string hoppers,100,"String hoppers are a popular Sri Lankan breakfast food made with rice flour, water, and salt. The dough is pressed through a special mold to create thin, spaghetti-like noodles, which are then steamed until cooked through. String hoppers are typically served with a variety of accompaniments like curry, sambol, or coconut milk gravy, and are loved for their soft, delicate texture and versatility. They're a delicious way to start the day in Sri Lanka and are a staple of the country's rich culinary tradition.",,64344860b4a92de07f4dfffc,0
64344f97b4a92de07f4e0022,Dhal curry,100,"Dhal curry is a comforting and nutritious Sri Lankan dish made with lentils, coconut milk, and a variety of spices. The lentils are cooked until soft and tender, and are then simmered in a flavorful curry made with onions, tomatoes, and spices like cumin, coriander, and turmeric. Dhal curry is often served as a side dish to rice or other Sri Lankan dishes, and is loved for its rich, creamy texture and delicious, aromatic flavor. It's a vegetarian favorite that's packed with protein and flavor, and is a beloved staple of Sri Lankan cuisine.",,64344860b4a92de07f4dfffc,0
64345579b4a92de07f4e0024,Chana masala,100,"Chana masala is a popular Indian vegetarian dish made with chickpeas cooked in a spicy and tangy tomato-based sauce. The chickpeas are simmered with onions, garlic, ginger, and a blend of spices like cumin, coriander, and garam masala until they're tender and flavorful. Chana masala is often served with rice, naan bread, or other Indian flatbreads, and is loved for its hearty, satisfying flavor and texture. It's a popular dish across India and around the world, and is a must-try for anyone who loves bold, complex flavors.",,6434489cb4a92de07f4dfffe,0
643455b9b4a92de07f4e0026,Palak paneer,100,"Palak paneer is a classic Indian dish made with spinach (palak) and Indian cheese (paneer). The spinach is cooked down with a variety of spices like cumin, coriander, and turmeric, and is then blended to create a smooth, creamy sauce. Cubes of paneer cheese are added to the sauce and simmered until they're tender and infused with the rich, fragrant flavors of the dish. Palak paneer is often served with rice or Indian flatbreads like naan or roti, and is loved for its comforting, nutritious flavor and satisfying texture.",,6434489cb4a92de07f4dfffe,0
643455f5b4a92de07f4e0028,Chickpea curry,100,"Chickpea curry is a delicious and nutritious vegan dish made with chickpeas (also known as garbanzo beans), spices, and a variety of vegetables. The dish typically starts with sautéed onions, garlic, and ginger, and is then flavored with spices like cumin, coriander, and turmeric. The chickpeas are simmered in the flavorful sauce until tender and infused with the fragrant spices. Chickpea curry is often served with rice, naan bread, or other Indian flatbreads, and is loved for its bold, complex flavors and satisfying texture. It's a healthy, protein-packed dish that's perfect for vegetarians, vegans, and meat-eaters alike.",,6434489cb4a92de07f4dfffe,0
64345631b4a92de07f4e002a,Jeera rice,100,"Jeera rice is a simple and flavorful Indian dish made by cooking basmati rice with cumin seeds (jeera) and a few other aromatic spices. The dish starts with sautéed onions, garlic, and ginger, which are then flavored with spices like cumin, cardamom, and bay leaves. The basmati rice is added to the mixture and cooked until fluffy and tender, infused with the rich, fragrant flavors of the spices. Jeera rice is often served with a variety of Indian dishes, and is loved for its delicious, aromatic flavor and satisfying texture. It's a perfect complement to spicy curries and other bold, flavorful dishes.",,6434489cb4a92de07f4dfffe,0
64345678b4a92de07f4e002c,Jeera Alo,100,"Jeera Aloo is a popular Indian side dish made with potatoes (aloo) and cumin seeds (jeera). The dish starts with sautéed onions, garlic, and ginger, which are then flavored with cumin seeds, coriander, and other aromatic spices. The potatoes are added to the mixture and cooked until tender and infused with the rich, fragrant flavors of the spices. Jeera Aloo is often served with rice, naan bread, or other Indian flatbreads, and is loved for its delicious, comforting flavor and satisfying texture. It's a perfect side dish for a variety of Indian meals, and is loved by vegetarians and meat-eaters alike.",,6434489cb4a92de07f4dfffe,0
643456a5b4a92de07f4e002e,Malai kofta,100,"Malai Kofta is a classic vegetarian dish from North India made with fried vegetable balls (kofta) in a creamy tomato-based sauce. The kofta balls are typically made with paneer (Indian cottage cheese), potatoes, and a variety of vegetables, then spiced with aromatic herbs and spices. The rich and flavorful tomato-based sauce is made with cream, cashew nuts, and a variety of spices. Malai Kofta is often served with naan bread, rice, or other Indian flatbreads, and is loved for its rich, comforting flavor and satisfying texture. It's a perfect vegetarian alternative to meatballs and is loved by all food lovers.",,6434489cb4a92de07f4dfffe,0
643456cfb4a92de07f4e0030,Mutton korma,100,"Mutton Korma is a popular Indian dish made with tender pieces of mutton (goat meat) cooked in a rich and creamy sauce made with yogurt, cream, and a variety of aromatic spices. The dish starts with marinating the meat in a flavorful spice mix, then slow-cooking it until it's tender and juicy. The sauce is made with onions, garlic, ginger, and a variety of spices like cardamom, cinnamon, and cloves. Mutton Korma is often served with rice, naan bread, or other Indian flatbreads, and is loved for its delicious, complex flavors and satisfying texture. It's a perfect dish for special occasions or a comforting weeknight dinner.",,6434489cb4a92de07f4dfffe,0
6434570cb4a92de07f4e0032,Pina colada with pork ribs,100,"Pina Colada Pork Ribs are a delicious and unique twist on classic BBQ ribs. The ribs are marinated in a mixture of pineapple juice, coconut milk, and rum, giving them a tropical flavor that's perfect for summer. The meat is then slow-cooked until it's tender and juicy, with a caramelized glaze of BBQ sauce and the sweet and tangy flavors of the marinade. The combination of juicy, flavorful ribs with a refreshing Pina Colada is a perfect match, and the dish is sure to impress at any BBQ or summer gathering.",,6434489cb4a92de07f4dfffe,0
64345759b4a92de07f4e0034,Tandoori lamb chops,100,"Tandoori Lamb Chops are a popular Indian dish that features tender lamb chops marinated in a blend of yogurt and aromatic spices, then cooked in a tandoor oven or grill until they're juicy and flavorful. The marinade is typically made with ginger, garlic, garam masala, cumin, coriander, and other spices, giving the lamb a delicious, complex flavor. The charred, smoky flavor from the tandoor oven adds another layer of deliciousness to the dish. Tandoori Lamb Chops are often served with naan bread, rice, or a fresh salad, and are perfect for a special occasion or a flavorful weeknight meal.",,6434489cb4a92de07f4dfffe,0
64345785b4a92de07f4e0036,Keema Samosa with Yogurt Dip,100,"Keema Samosas are a popular Indian appetizer that consists of crispy, flaky pastry filled with a spiced mixture of minced meat, onions, and peas. The savory filling is seasoned with fragrant spices such as cumin, coriander, and garam masala, giving it a delicious and complex flavor. The samosas are typically served with a cool, creamy yogurt dip that balances the spiciness of the filling. Keema Samosas with Yogurt Dip are a perfect snack for any occasion and are sure to be a crowd-pleaser.",,6434489cb4a92de07f4dfffe,0
643457acb4a92de07f4e0038,Curried Parmesan Fish Fingers,100,"Curried Parmesan Fish Fingers are a flavorful twist on a classic fish finger recipe. Tender pieces of white fish are coated in a mixture of breadcrumbs, parmesan cheese, and curry powder, giving them a delicious, spicy flavor and a crispy texture. The dish is perfect for a quick and easy weeknight meal or a fun party appetizer. The fish fingers can be served with a variety of dipping sauces, from classic tartar sauce to spicy aioli, depending on your taste preferences. Curried Parmesan Fish Fingers are sure to be a hit with fish lovers and spice enthusiasts alike.",,6434489cb4a92de07f4dfffe,0
643457dcb4a92de07f4e003a,Goan Prawn Curry With Raw,100,"Goan Prawn Curry with Raw Mango is a tangy and flavorful Indian seafood dish. The curry is made with fresh prawns cooked in a coconut milk base with a blend of aromatic spices like cumin, coriander, and turmeric. The addition of raw mango gives the dish a tart and fruity flavor, which complements the richness of the curry perfectly. The dish is typically served with steamed rice or bread, making it a filling and satisfying meal. Goan Prawn Curry with Raw Mango is a must-try for anyone looking to experience the bold flavors of Indian cuisine.",,6434489cb4a92de07f4dfffe,0
64345830b4a92de07f4e003c,Chicken Malai Kebab,100,"Chicken Malai Kebab is a popular Indian appetizer that's known for its creamy texture and delicate flavor. The dish is made with boneless chicken marinated in a mixture of cream, yogurt, and aromatic spices like cumin, coriander, and garam masala. The chicken is then grilled until it's tender and juicy, with a slightly charred exterior that adds a smoky flavor to the dish. Chicken Malai Kebab is typically served with mint chutney and onion rings, making it a refreshing and satisfying snack or appetizer. Its subtle yet complex flavors make it a favorite among Indian food enthusiasts.",,6434489cb4a92de07f4dfffe,0
64345860b4a92de07f4e003e,Malabar Chicken Curry,100,"Malabar Chicken Curry is a popular South Indian dish that's known for its spicy and aromatic flavors. The dish is made with bone-in chicken cooked in a thick gravy made with coconut milk, curry leaves, and a blend of spices like turmeric, coriander, cumin, and red chili powder. The addition of roasted coconut and shallots gives the curry a rich and nutty flavor that's balanced by the acidity of tomatoes and tamarind. Malabar Chicken Curry is typically served with rice, naan bread, or roti, and is enjoyed by food lovers around the world.",,6434489cb4a92de07f4dfffe,0
643458afb4a92de07f4e0040,Grilled Chicken Wrap,100,"A grilled chicken wrap is a delicious and filling handheld meal that's perfect for lunch or a quick dinner on the go. The wrap is typically made with a flour tortilla, filled with juicy grilled chicken, fresh lettuce, ripe tomatoes, and crunchy cucumbers. Some variations may also include sliced avocado, cheese, or a creamy dressing like ranch or tzatziki. The grilled chicken adds a smoky and savory flavor to the wrap, while the veggies provide a refreshing crunch. Grilled chicken wraps are a popular option at fast-casual restaurants and can also be easily made at home.",,6434489cb4a92de07f4dfffe,0
643459e7b4a92de07f4e0042,Rosemary Mushroom Risotto,100,"Rosemary mushroom risotto is a hearty and flavorful Italian rice dish that's perfect for a cozy dinner. Arborio rice is slowly cooked with white wine, onions, garlic, vegetable broth, and earthy mushrooms until it becomes creamy and tender. Fresh rosemary adds an aromatic and savory flavor to the risotto, while grated Parmesan cheese adds a rich and nutty taste. The mushrooms add a meaty texture and umami flavor that makes the dish satisfying and filling. Rosemary mushroom risotto is a comforting dish that's perfect for a chilly evening and can be served as a main course or a side dish.",,64344a87b4a92de07f4e000c,0
64345a0eb4a92de07f4e0044,Homemade Vegan Margherita Pizza,100,"This homemade vegan margherita pizza is a healthier and tastier version of the classic Italian pizza. The crispy and chewy pizza crust is made with whole wheat flour, water, yeast, and a touch of olive oil. The tangy and sweet tomato sauce is made with fresh tomatoes, garlic, and herbs. The creamy and melty mozzarella cheese is made with cashews and nutritional yeast, and the toppings are fresh basil leaves and sliced cherry tomatoes. The combination of these ingredients makes this pizza a delicious and satisfying meal that's perfect for a movie night or a casual dinner with friends.",,64344a87b4a92de07f4e000c,0
64345a37b4a92de07f4e0046,Crostini,100,"Crostini is an Italian appetizer that consists of small slices of toasted bread that are topped with a variety of savory or sweet ingredients. The bread is usually brushed with olive oil and seasoned with salt and pepper before toasting, which gives it a crispy and crunchy texture. Common toppings include fresh tomato and basil, prosciutto and cheese, roasted vegetables and hummus, or figs and honey with ricotta cheese. Crostini is a versatile and delicious dish that's perfect for a party or as a starter to a meal.",,64344a87b4a92de07f4e000c,0
64345a5cb4a92de07f4e0048,Garlic Rosemary Herb Focaccia,100,"Garlic Rosemary Herb Focaccia is a delicious Italian bread that's perfect as a side or snack. The bread is soft and fluffy with a crispy crust, and it's loaded with the flavors of garlic, rosemary, and other herbs. The aroma of freshly baked Focaccia can fill any kitchen, and it's a perfect addition to any meal. The bread can be enjoyed as is or topped with cheese, vegetables, or meats to create a tasty sandwich or pizza.",,64344a87b4a92de07f4e000c,0
64345a7db4a92de07f4e004a,Tuscan White Bean Salad,100,"Tuscan white bean salad is a classic Italian dish made with cannellini beans, juicy cherry tomatoes, red onions, and fresh herbs, all tossed in a tangy vinaigrette. This flavorful and refreshing salad is perfect as a light lunch or a side dish for any meal. The combination of tender beans, zesty tomatoes, and aromatic herbs make this salad a delicious and healthy choice.",,64344a87b4a92de07f4e000c,0
64345aa2b4a92de07f4e004c,Italian Giardiniera,100,"Italian Giardiniera is a traditional pickled vegetable mix that includes carrots, cauliflower, celery, peppers, and onions. The vegetables are marinated in a mixture of vinegar, water, salt, sugar, and herbs, giving it a tangy and slightly sweet flavor. This versatile condiment can be used as a side dish, topping, or a flavorful addition to sandwiches and salads. It's also rich in vitamins and minerals, making it a healthy and tasty addition to any meal.",,64344a87b4a92de07f4e000c,0
64345adbb4a92de07f4e004e,Italian Farro Salad,100,"Italian Farro Salad is a wholesome dish made with nutty and chewy farro, mixed with roasted vegetables, olives, and feta cheese. The dish is dressed in a tangy lemon vinaigrette and topped with fresh herbs, making it a perfect summer salad or a light lunch option. Farro is a popular grain in Italy, and this dish showcases its versatility and unique texture.",,64344a87b4a92de07f4e000c,0
64345afcb4a92de07f4e0050,Chicken Milanese,100,"Chicken Milanese is a classic Italian dish consisting of breaded and fried chicken cutlets. The chicken is pounded thin and coated with a mixture of breadcrumbs, Parmesan cheese, and herbs before being fried until golden and crispy. It is typically served with a lemon wedge and a side of arugula salad. The dish originated in Milan, Italy, and is a popular main course in Italian cuisine. It's a simple yet delicious dish that is sure to satisfy your taste buds.",,64344a87b4a92de07f4e000c,0
64345b21b4a92de07f4e0052,Tuscan Lamb Shanks,100,"Tuscan Lamb Shanks is a flavorful and hearty dish that originates from the Tuscan region of Italy. The lamb shanks are braised in a tomato-based sauce with aromatics like garlic, onion, and rosemary, until they become tender and succulent. This dish is usually served with polenta or mashed potatoes, making it a perfect comfort food for cold days.",,64344a87b4a92de07f4e000c,0
64345d2bb4a92de07f4e0054,Pasta Bake with Sausage,100,This hearty pasta bake with sausage is the perfect comfort food. The dish features al dente pasta smothered in a rich tomato sauce and topped with crispy sausage and melted mozzarella cheese. It's a delicious and satisfying meal that will leave your taste buds wanting more.,,64344a87b4a92de07f4e000c,0
64345d7eb4a92de07f4e0056,Creamy lemon chicken piccata,100,This creamy lemon chicken piccata is a mouth-watering dish that combines tender chicken breasts with a tangy lemon sauce. The dish is topped with capers and a creamy white wine sauce that is rich and savory. It's a classic Italian dish that is perfect for any occasion and is sure to delight your taste buds.,,64344a87b4a92de07f4e000c,0
64345dbdb4a92de07f4e0058,Creamy tuscan shrimp,100,"This creamy Tuscan shrimp is a delicious and indulgent dish that features plump and juicy shrimp smothered in a creamy sauce. The sauce is made with garlic, sun-dried tomatoes, spinach, and cream, giving it a rich and savory flavor. It's a perfect meal for any seafood lover and will leave you feeling satisfied and happy.",,64344a87b4a92de07f4e000c,0
64345e27b4a92de07f4e005a,Creamy Garlic Salmon,100,"This creamy garlic salmon is a mouth-watering dish that features tender and flaky salmon smothered in a rich and creamy garlic sauce. The dish is made with fresh garlic, butter, cream, and Parmesan cheese, giving it a decadent and savory flavor. It's a perfect meal for seafood lovers and will leave you feeling satisfied and happy.",,64344a87b4a92de07f4e000c,0
64345e8bb4a92de07f4e005c,Chicken Penne Pasta,100,"This chicken penne pasta dish is a classic and comforting meal that features tender chicken and al dente pasta tossed in a rich tomato sauce. The dish is seasoned with fragrant herbs and spices, making it flavorful and satisfying. It's a perfect meal for any occasion and will leave you feeling nourished and satisfied.",,64344a87b4a92de07f4e000c,0
64345f52b4a92de07f4e005e,Vegetarian Bourguignon,100,"Vegetarian Bourguignon is a rich and flavorful stew made with hearty vegetables such as mushrooms, carrots, and onions simmered in a red wine sauce. It's seasoned with garlic, thyme, and bay leaves for a complex depth of flavor. Served over a bed of creamy mashed potatoes or crusty bread, it's a comforting and satisfying dish perfect for any occasion.",,643448dab4a92de07f4e0000,0
64345f77b4a92de07f4e0060,Sauerkraut Pie,100,"Sauerkraut pie is a savory dish with a unique flavor profile. The crust is made of a buttery and flaky pastry, filled with a mixture of sauerkraut, onions, bacon, and sometimes mushrooms. The tangy sauerkraut is balanced by the richness of the bacon and the savory notes of the onions. It's a delicious and hearty meal, perfect for colder weather.",,643448dab4a92de07f4e0000,0
64345f96b4a92de07f4e0062,Aligot,100,"Aligot is a traditional French dish from the Aubrac region. It's made by blending melted cheese, typically Tomme or Cantal, with mashed potatoes, garlic, and cream until it forms a smooth, stretchy and decadent mixture. Served piping hot, it's a perfect comfort food to enjoy on a cold day or as a side dish to a meaty main course.",,643448dab4a92de07f4e0000,0
64345fbeb4a92de07f4e0064,Rolled omelet with fine herbs,100,"Rolled omelet with fine herbs is a classic French dish that's both simple and elegant. The omelet is filled with a mixture of fresh herbs, such as parsley, chives, and tarragon, and rolled into a cylinder shape. The result is a light and fluffy texture with bursts of herbaceous flavor in every bite. It's perfect for a quick breakfast or as a light lunch paired with a salad.",,643448dab4a92de07f4e0000,0
64345fdeb4a92de07f4e0066,Leek gratin,100,Leek gratin is a creamy and indulgent French dish that's perfect for a cozy dinner. Sliced leeks are sautéed until tender and then baked in a rich béchamel sauce with a generous topping of melted cheese and breadcrumbs. The result is a satisfying and flavorful dish with a crispy crust and soft and flavorful interior.,,643448dab4a92de07f4e0000,0
64346002b4a92de07f4e0068,Tartiflette without bacon chunks,100,"Tartiflette without bacon chunks is a vegetarian version of the classic French dish. Thinly sliced potatoes are layered with caramelized onions, garlic, and a mixture of melted Reblochon cheese and cream. Baked until golden brown and bubbling, it's a hearty and comforting dish with a creamy texture and a nutty, cheesy flavor. Perfect for a cozy dinner on a cold evening.",,643448dab4a92de07f4e0000,0
64346034b4a92de07f4e006a,Gratin dauphinois,100,"Gratin Dauphinois is a classic French dish made with thinly sliced potatoes baked in a rich and creamy sauce. The potatoes are layered with garlic, salt, and nutmeg, and then baked in a mixture of milk and cream until golden brown and bubbling. The result is a decadent and comforting side dish with a crispy top and a creamy, melt-in-your-mouth texture.",,643448dab4a92de07f4e0000,0
64346069b4a92de07f4e006c,Vegetarian pot-au-feu,100,"Vegetarian pot-au-feu is a plant-based take on the classic French beef stew. This hearty and flavorful dish is made with a variety of vegetables such as carrots, turnips, leeks, and onions, simmered in a broth with herbs like bay leaves and thyme. Served with crusty bread, it's a warming and satisfying meal perfect for a cold day.",,643448dab4a92de07f4e0000,0
6434608eb4a92de07f4e006e,Salmon en papillote,100,"Salmon en papillote is a French cooking technique where salmon is baked in parchment paper with aromatics and vegetables. The salmon is seasoned with lemon, garlic, and herbs such as thyme or dill, along with sliced vegetables like zucchini, tomatoes, or bell peppers. The parchment paper helps to lock in the flavors and moisture, resulting in a juicy and delicious meal with minimal clean-up.",,643448dab4a92de07f4e0000,0
643460afb4a92de07f4e0070,Chicken confit,100,"Chicken confit is a French dish made by slow-cooking chicken in its own fat. The chicken is seasoned with herbs and spices, then cooked on a low heat for several hours until tender and flavorful. The result is a juicy and succulent meat with a crispy and golden skin. Served with roasted potatoes or a fresh salad, it's a luxurious and satisfying dish.",,643448dab4a92de07f4e0000,0
643460d3b4a92de07f4e0072,Coq au vin,100,"Coq au vin is a classic French dish made by slow-cooking chicken in red wine with bacon, mushrooms, onions, and herbs. The chicken is first browned and then braised in the red wine sauce until tender and flavorful. The result is a rich and indulgent dish with complex layers of flavor that are perfect for a special occasion.",,643448dab4a92de07f4e0000,0
643460f5b4a92de07f4e0074,Cassoulet,100,"Cassoulet is a hearty French dish that originated in the southwest region of France. It's made with white beans, duck confit, sausages, and sometimes pork belly, all slow-cooked together in a savory tomato sauce with garlic and herbs. The result is a rich and flavorful casserole with tender meat and creamy beans, perfect for a comforting meal on a chilly evening.",,643448dab4a92de07f4e0000,0
6434611ab4a92de07f4e0076,Confit de canard,100,"Confit de canard is a French dish that involves slow-cooking duck legs in their own fat until they become tender and succulent. The duck is seasoned with herbs like thyme and bay leaves before being cooked, resulting in a rich and flavorful meat with a crispy skin. Served with roasted potatoes or a fresh salad, it's a luxurious and indulgent dish.",,643448dab4a92de07f4e0000,0
64346139b4a92de07f4e0078,Boeuf bourguignon,100,"Boeuf bourguignon is a classic French stew made by slow-cooking beef in red wine with onions, carrots, bacon, and herbs like thyme and bay leaves. The result is a rich and flavorful dish with tender meat and complex layers of flavor. Served with crusty bread or mashed potatoes, it's the ultimate comfort food for a cold winter's day.",,643448dab4a92de07f4e0000,0
64346164b4a92de07f4e007a,Chicken cordon bleu,100,"Chicken cordon bleu is a French dish made by stuffing a chicken breast with ham and cheese, and then breaded and fried until golden brown. The result is a juicy and flavorful chicken with a crispy exterior and oozing melted cheese. Served with a side salad or roasted vegetables, it's a delicious and satisfying meal that's perfect for a special occasion.",,643448dab4a92de07f4e0000,0
643461bfb4a92de07f4e007c,Chinese Cucumber Salad,100,"Chinese cucumber salad is a refreshing and light dish made with sliced cucumbers, garlic, sesame oil, and vinegar. The cucumbers are marinated in a dressing made from a combination of soy sauce, sugar, and chili oil, giving them a tangy and spicy flavor. It's a perfect side dish for a summer barbecue or a light lunch.",,6434490cb4a92de07f4e0002,0
643461e9b4a92de07f4e007e,Tofu and Broccoli,100,"Tofu and broccoli is a simple and healthy vegetarian dish that can be served as a main or a side. Cubes of tofu and broccoli florets are stir-fried together with garlic, ginger, and soy sauce until tender and flavorful. It's a nutritious and delicious meal that's quick and easy to prepare, perfect for a busy weeknight.",,6434490cb4a92de07f4e0002,0
64346210b4a92de07f4e0080,Garlic Sesame Noodles,100,"Garlic sesame noodles are a flavorful and easy-to-make dish that can be served as a side or a main. The noodles are cooked until al dente and then tossed in a sauce made from garlic, sesame oil, soy sauce, and a touch of honey for sweetness. Garnished with green onions or sesame seeds, it's a delicious and satisfying meal that can be enjoyed hot or cold.",,6434490cb4a92de07f4e0002,0
6434622cb4a92de07f4e0082,Lo Mein,100,"Lo mein is a Chinese dish made with egg noodles that are stir-fried with vegetables, meat, or seafood. The noodles are cooked until tender and then tossed with a sauce made from soy sauce, oyster sauce, and sesame oil, along with garlic, ginger, and other seasonings. It's a popular and satisfying dish that can be customized with a variety of ingredients to suit your taste.",,6434490cb4a92de07f4e0002,0
6434624ab4a92de07f4e0084,Vegetable Chow Mein,100,"Vegetable chow mein is a stir-fried noodle dish made with thin wheat noodles, vegetables like cabbage, carrots, and bean sprouts, and a flavorful sauce made from soy sauce, oyster sauce, and sesame oil. It's a delicious and healthy dish that's quick and easy to make, perfect for a vegetarian meal or a side dish.",,6434490cb4a92de07f4e0002,0
6434626ab4a92de07f4e0086,General Tso’s Tofu,100,"General Tso's tofu is a vegetarian version of the popular Chinese-American dish, General Tso's chicken. Cubes of tofu are fried until crispy and then tossed in a sweet and spicy sauce made with soy sauce, rice vinegar, hoisin sauce, and chili flakes. Served over rice and garnished with scallions, it's a delicious and satisfying meal with bold flavors and textures.",,6434490cb4a92de07f4e0002,0
64346291b4a92de07f4e0088,Chinese Okra Salad,100,"Chinese okra salad is a refreshing and light dish made with thinly sliced okra, garlic, chili peppers, and sesame oil. The okra is blanched and then marinated in a dressing made from soy sauce, rice vinegar, and sugar, giving it a sweet and tangy flavor. It's a perfect side dish for a summer barbecue or a light lunch.",,6434490cb4a92de07f4e0002,0
643462acb4a92de07f4e008a,Mango Chilli Chicken,100,"Mango chili chicken is a flavorful and spicy dish made with chicken breast, fresh mango, garlic, and chili peppers. The chicken is marinated in a mixture of spices and then cooked until tender and juicy. The mango adds a sweet and fruity flavor that balances out the heat of the chili peppers. Served with rice or naan bread, it's a delicious and satisfying meal that's perfect for any occasion.",,6434490cb4a92de07f4e0002,0
643462d4b4a92de07f4e008c,Garlic Soya Chicken,100,"Garlic soya chicken is a savory and delicious dish made with chicken breast, garlic, soy sauce, and brown sugar. The chicken is marinated in a mixture of garlic, soy sauce, and sugar, giving it a sweet and savory flavor. The chicken is then cooked until tender and juicy, and served with rice or vegetables. It's a quick and easy meal that's perfect for a weeknight dinner.",,6434490cb4a92de07f4e0002,0
643462f0b4a92de07f4e008e,Chilli Fish,100,"Chili fish is a spicy and flavorful dish made with fish fillets, chili peppers, garlic, and ginger. The fish is coated in a mixture of spices and then pan-fried until crispy and golden brown. The chili peppers add a bold and spicy flavor that complements the mild taste of the fish. Served with rice and vegetables, it's a delicious and satisfying meal that's perfect for seafood lovers.",,6434490cb4a92de07f4e0002,0
6434630fb4a92de07f4e0090,Chinese Chicken Fried Rice,100,"Chinese chicken fried rice is a classic dish made with cooked rice, diced chicken, scrambled eggs, and a variety of vegetables like peas, carrots, and onions. The ingredients are stir-fried together in a wok or a pan with soy sauce and other seasonings like garlic and ginger, giving the dish a savory and aromatic flavor. It's a simple and delicious meal that can be made in under 30 minutes.",,6434490cb4a92de07f4e0002,0
64346331b4a92de07f4e0092,Chinese Mixed Fried Rice,100,"Chinese mixed fried rice is a flavorful and satisfying dish made with a variety of ingredients like shrimp, pork, eggs, and vegetables like peas, carrots, and onions. The ingredients are stir-fried together with cooked rice and seasoned with soy sauce, oyster sauce, and other seasonings, giving the dish a rich and savory flavor. It's a versatile dish that can be made with any combination of ingredients you have on hand.",,6434490cb4a92de07f4e0002,0
6434646fb4a92de07f4e0094,Vegan Poke Bowl,100,"A vegan poke bowl is a delicious and healthy meal made with a variety of plant-based ingredients like marinated tofu, avocado, cucumber, carrots, and edamame. The ingredients are arranged on a bed of rice and drizzled with a flavorful dressing made with soy sauce, rice vinegar, and sesame oil. The dish is then topped with sesame seeds and nori for added flavor and texture. It's a refreshing and nutritious meal that's perfect for a light lunch or dinner.",,6434495ab4a92de07f4e0004,0
643464adb4a92de07f4e0096,Kabocha Miso Soup,100,"Kabocha Miso Soup is a Japanese soup that is made with kabocha squash, miso paste, and dashi stock. The soup is savory, slightly sweet, and has a creamy texture. The kabocha squash adds a delicious depth of flavor, while the miso paste gives it a rich umami taste. It's a hearty and comforting soup that is perfect for cold weather or any time you're in the mood for something cozy and delicious.",,6434495ab4a92de07f4e0004,0
643464cfb4a92de07f4e0098,Vegetarian Japanese Curry,100,"Vegetarian Japanese Curry is a hearty and flavorful dish that is perfect for vegetarians or anyone looking for a meatless option. It's made with a variety of vegetables such as potatoes, carrots, onions, and bell peppers, cooked in a rich curry sauce made with Japanese curry roux, coconut milk, and soy sauce. The result is a delicious and comforting dish that is both filling and satisfying.",,6434495ab4a92de07f4e0004,0
643464f2b4a92de07f4e009a,Teriyaki Tofu,100,"Teriyaki Tofu is a popular Japanese dish made with tofu that has been marinated and glazed with a sweet and savory teriyaki sauce. The tofu is pan-fried until it's crispy on the outside, while still tender and soft on the inside. It's a delicious and healthy protein source that can be enjoyed on its own or as part of a larger meal.",,6434495ab4a92de07f4e0004,0
6434651bb4a92de07f4e009c,Kabocha Gratin,100,"Kabocha Gratin is a delicious and hearty Japanese dish made with kabocha squash, creamy white sauce, and cheese. The kabocha squash is sliced and baked in the creamy sauce until it's tender and golden brown on top. It's a perfect comfort food dish that is both filling and satisfying, with a delightful combination of flavors and textures.",,6434495ab4a92de07f4e0004,0
6434655cb4a92de07f4e009e,Inari Sushi,100,"Inari Sushi is a type of Japanese sushi that consists of a seasoned sushi rice filling that is stuffed inside a deep-fried tofu pouch called Inari. The pouch is sweet, salty, and slightly savory, while the rice filling is usually flavored with vinegar and sugar. It's a delicious and convenient snack or meal option that is easy to eat and perfect for on-the-go.",,6434495ab4a92de07f4e0004,0
64346582b4a92de07f4e00a0,Soba Noodle Salad,100,"Soba Noodle Salad is a refreshing Japanese dish made with soba noodles, fresh vegetables, and a flavorful dressing. The soba noodles are made from buckwheat flour and have a nutty flavor and firm texture. The dressing is made with soy sauce, sesame oil, and rice vinegar, giving the salad a delicious umami flavor. It's a healthy and satisfying meal option that is perfect for warm weather.",,6434495ab4a92de07f4e0004,0
643465b1b4a92de07f4e00a2,Vegan Miso Soup,100,"Vegan Miso Soup is a classic Japanese soup made with miso paste, seaweed, tofu, and vegetables. It's a flavorful and comforting soup that is rich in umami flavor and packed with healthy ingredients. The miso paste gives the soup a savory taste, while the tofu and vegetables add texture and nutrition. It's a perfect dish for a light and healthy meal or as a starter to a larger meal.",,6434495ab4a92de07f4e0004,0
643465dcb4a92de07f4e00a4,Yaki Onigiri,100,"Yaki Onigiri is a grilled Japanese rice ball that is crispy on the outside and soft on the inside. The rice ball is typically brushed with soy sauce or miso paste and then grilled until it's golden brown. It's a simple and delicious snack or meal option that can be eaten on its own or served with a variety of toppings, such as seaweed, pickled plum, or grilled salmon.",,6434495ab4a92de07f4e0004,0
64346603b4a92de07f4e00a6,Sushi,100,"Sushi is a traditional Japanese dish that is made with seasoned sushi rice and various ingredients, such as raw or cooked seafood, vegetables, and egg, wrapped in seaweed (nori), or rolled in a sheet of thinly sliced cucumber or soy paper. Sushi is often served with soy sauce, wasabi, and pickled ginger, and it's a popular and healthy meal or snack option worldwide.",,6434495ab4a92de07f4e0004,0
64346627b4a92de07f4e00a8,Sashimi,100,"Sashimi is a Japanese delicacy that consists of thin slices of raw seafood, such as tuna, salmon, and squid, served with soy sauce and wasabi. The seafood is sliced into small, bite-sized pieces and is often presented in a decorative arrangement. Sashimi is highly regarded for its fresh taste, delicate texture, and purity of flavor. It's a popular dish in Japanese cuisine and enjoyed by seafood lovers worldwide.",,6434495ab4a92de07f4e0004,0
6434664ab4a92de07f4e00aa,Unagi,100,Unagi is a Japanese dish that consists of grilled freshwater eel that is glazed with a sweet soy-based sauce. The eel is typically filleted and then grilled over charcoal until it's crispy on the outside and tender on the inside. Unagi is a rich and savory dish that is often served over a bed of rice and enjoyed as a main course or as part of a larger meal.,,6434495ab4a92de07f4e0004,0
6434666bb4a92de07f4e00ac,Tempura,100,"Tempura is a Japanese dish made by deep-frying seafood, vegetables, and other ingredients in a light batter. The batter is usually made with a mixture of flour, egg, and ice-cold water, which gives the dish a crispy and airy texture. Tempura is often served with a dipping sauce made of soy sauce, mirin, and dashi. It's a popular and delicious dish that can be enjoyed as a snack or as part of a larger meal.",,6434495ab4a92de07f4e0004,0
64346693b4a92de07f4e00ae,Yakitori,100,"Yakitori is a Japanese dish that consists of grilled chicken skewers that are seasoned with soy sauce and other spices. The chicken is usually cut into small, bite-sized pieces and then threaded onto bamboo skewers before grilling over charcoal. Yakitori is often served with a variety of dipping sauces, such as teriyaki, garlic soy sauce, or wasabi mayonnaise. It's a popular and flavorful dish that can be enjoyed as an appetizer or as a main course.",,6434495ab4a92de07f4e0004,0
643466afb4a92de07f4e00b0,Tempura udon,100,"Tempura Udon is a classic Japanese noodle soup that consists of thick udon noodles in a savory broth made of dashi, soy sauce, and mirin. The soup is often served with crispy tempura pieces of shrimp, vegetables, or seafood on top, adding a delicious crunchy texture to the dish. Tempura Udon is a comforting and filling meal that is enjoyed in Japan throughout the year.",,6434495ab4a92de07f4e0004,0
643466d1b4a92de07f4e00b2,Hitsumabushi,100,"Hitsumabushi is a popular dish from Nagoya, Japan, that consists of grilled eel served over a bed of rice. The dish is typically served with condiments such as nori seaweed, green onions, wasabi, and dashi broth. The eel is first enjoyed plain, then with the condiments mixed in, and finally with the broth poured over it. It's a flavorful and satisfying dish that is popular with both locals and tourists.",,6434495ab4a92de07f4e0004,0
643466edb4a92de07f4e00b4,Chankonabe,100,"Chankonabe is a hearty Japanese stew that is typically eaten by sumo wrestlers as part of their training diet. The stew is made with a variety of ingredients such as chicken, fish, tofu, vegetables, and noodles, cooked in a rich broth made with soy sauce, mirin, and sake. Chankonabe is a filling and nutritious dish that is perfect for cold weather or after a heavy workout.",,6434495ab4a92de07f4e0004,0
64346783b4a92de07f4e00b6,Tofu Pad Thai,100,"Tofu Pad Thai is a vegan version of the popular Thai noodle dish, Pad Thai. The dish typically consists of stir-fried rice noodles with tofu, vegetables, and peanuts, and is flavored with a tangy and slightly sweet tamarind sauce. Tofu Pad Thai is a tasty and healthy meal option that can be enjoyed by vegetarians and vegans, as well as those who are looking for a lighter alternative to the traditional dish.",,643449c2b4a92de07f4e0006,0
643467a8b4a92de07f4e00b8,Thai Coconut Rice,100,"Thai Coconut Rice is a fragrant and creamy side dish that is made with jasmine rice cooked in coconut milk and seasoned with lemongrass, kaffir lime leaves, and ginger. The dish has a delicate sweetness and a subtle aroma that complements spicy Thai dishes. Thai Coconut Rice is a popular and delicious addition to any Thai meal or can be enjoyed on its own.",,643449c2b4a92de07f4e0006,0
643467cab4a92de07f4e00ba,Peanut Sauce,100,"Peanut sauce is a thick and creamy sauce made from ground roasted peanuts, coconut milk, soy sauce, and spices such as ginger, garlic, and chili. The sauce has a rich and nutty flavor and is often used in Southeast Asian cuisine as a dipping sauce for satay skewers, noodles, or vegetables. Peanut sauce can also be used as a marinade or salad dressing and is a versatile and delicious condiment that can add flavor to many dishes.",,643449c2b4a92de07f4e0006,0
643467eeb4a92de07f4e00bc,Thai Pineapple Fried Rice,100,"Thai Pineapple Fried Rice is a sweet and savory dish that is a popular menu item in Thai restaurants. The dish is made with cooked rice, chunks of fresh pineapple, shrimp or chicken, vegetables, and a blend of seasonings such as fish sauce, soy sauce, and curry powder. The combination of juicy pineapple, savory meat, and aromatic spices makes this dish a delicious and unique experience for the taste buds.",,643449c2b4a92de07f4e0006,0
64346838b4a92de07f4e00be,Thai Fruit Salad,100,"Thai Fruit Salad, also known as Yam Polamai, is a colorful and refreshing dish that consists of a variety of tropical fruits such as mango, papaya, pineapple, and dragon fruit, tossed in a sweet and tangy dressing made with lime juice, fish sauce, and chili. The dish is often topped with roasted peanuts or coconut flakes for added crunch and texture. Thai Fruit Salad is a perfect dessert or a light and healthy snack on a hot day.",,643449c2b4a92de07f4e0006,0
643468e6b4a92de07f4e00c0,Spicy Thai Noodles,100,"Spicy Thai Noodles, also known as Pad Kee Mao, is a popular Thai street food dish that consists of wide rice noodles stir-fried with vegetables, meat or tofu, and a spicy sauce made with garlic, chili, and basil. The dish has a bold and intense flavor that is both spicy and savory, making it a popular choice for those who enjoy bold and spicy dishes. Spicy Thai Noodles are a quick and easy meal option that can be customized to suit individual preferences.",,643449c2b4a92de07f4e0006,0
64346912b4a92de07f4e00c2,Thai Pumpkin Soup,100,"Thai Pumpkin Soup, also known as Gang Fak Tong, is a creamy and aromatic soup that is made with pumpkin, coconut milk, and a blend of Thai spices such as lemongrass, galangal, and kaffir lime leaves. The soup has a sweet and savory flavor and a velvety texture that makes it a comforting and satisfying meal option. Thai Pumpkin Soup is a perfect choice for a cozy night in or a warming meal on a chilly day.",,643449c2b4a92de07f4e0006,0
6434693cb4a92de07f4e00c4,Sesame Cucumber Salad,100,"Sesame Cucumber Salad is a refreshing and flavorful salad that is made with sliced cucumbers, sesame seeds, and a dressing made with soy sauce, rice vinegar, and sesame oil. The salad has a crunchy texture and a tangy flavor that makes it a perfect side dish for Asian-inspired meals. Sesame Cucumber Salad is a simple and healthy dish that can be made in minutes and enjoyed as a light and refreshing snack or a side dish.",,643449c2b4a92de07f4e0006,0
6434697db4a92de07f4e00c6,Tom Yum Prawns,100,"Tom Yum Prawns is a classic Thai soup that is made with fresh prawns, lemongrass, galangal, kaffir lime leaves, chili, and a blend of herbs and spices. The soup has a spicy and sour flavor that is both bold and refreshing, making it a popular choice for seafood lovers. Tom Yum Prawns can be enjoyed as a soup or served over steamed rice for a satisfying and flavorful meal.",,643449c2b4a92de07f4e0006,0
643469a7b4a92de07f4e00c8,Prawn And Pork On Sugarcane Sticks,100,"Prawn and Pork on Sugarcane Sticks, also known as Chao Tom, is a popular Vietnamese appetizer that consists of minced prawn and pork meat skewered onto sugarcane sticks and grilled to perfection. The skewers have a sweet and savory flavor and a juicy texture that makes them a delicious and satisfying snack or appetizer. Prawn and Pork on Sugarcane Sticks are often served with a side of sweet and sour dipping sauce for added flavor.",,643449c2b4a92de07f4e0006,0
643469c6b4a92de07f4e00ca,Chicken With Chillies & Cashews,100,"Chicken with Chilies & Cashews is a flavorful and aromatic stir-fry dish that is made with sliced chicken breast, dried red chilies, cashews, and a blend of Chinese spices such as Szechuan peppercorns, ginger, and garlic. The dish has a bold and spicy flavor and a crunchy texture from the cashews. Chicken with Chilies & Cashews is a popular dish in Sichuan cuisine and can be served with steamed rice for a satisfying and filling meal.",,643449c2b4a92de07f4e0006,0
643469ebb4a92de07f4e00cc,Chicken Satay With Peanut Sauce,100,"Chicken Satay with Peanut Sauce is a popular Southeast Asian dish that consists of marinated and grilled chicken skewers served with a rich and creamy peanut dipping sauce. The chicken is seasoned with a blend of spices such as turmeric, cumin, and coriander, giving it a flavorful and aromatic taste. The peanut sauce is made with roasted peanuts, coconut milk, and a blend of spices, giving it a sweet and savory flavor that complements the chicken perfectly. Chicken Satay with Peanut Sauce is a great appetizer or main dish for any occasion.",,643449c2b4a92de07f4e0006,0
64346a0fb4a92de07f4e00ce,Stir Fried Prawns,100,"Stir-Fried Prawns is a classic Chinese dish that consists of fresh prawns stir-fried with garlic, ginger, and a blend of Chinese spices such as soy sauce and oyster sauce. The prawns are cooked until they are tender and juicy, and the dish has a savory and slightly sweet flavor. Stir-Fried Prawns can be served over steamed rice or noodles for a satisfying and flavorful meal.",,643449c2b4a92de07f4e0006,0
64346a34b4a92de07f4e00d0,Thai turkey burgers,100,"Thai Turkey Burgers are a unique and flavorful twist on the classic American burger. The patties are made with ground turkey, Thai spices such as ginger, lemongrass, and fish sauce, and are topped with a spicy and tangy Sriracha mayo sauce. These burgers have a juicy and savory taste with a hint of sweetness from the spices. They are perfect for a summer barbecue or a quick and easy weeknight dinner.",,643449c2b4a92de07f4e0006,0
64346a4db4a92de07f4e00d2,Thai chicken curry,100,"Thai Chicken Curry is a popular dish in Thai cuisine that consists of tender chunks of chicken cooked in a rich and flavorful curry sauce. The sauce is made with coconut milk, Thai spices such as lemongrass, ginger, and green chilies, and is served over steamed rice. This dish has a creamy and slightly sweet taste with a hint of spiciness that can be adjusted to taste. It's a perfect comfort food for any season.",,643449c2b4a92de07f4e0006,0
64346aa8b4a92de07f4e00d4,Ital Stew,100,"Ital Stew is a vegan dish that originates from Rastafarian cuisine in Jamaica. The stew is made with a variety of vegetables such as carrots, potatoes, yams, and plantains, along with beans, coconut milk, and Jamaican spices such as thyme and scallions. The dish has a rich and savory taste and is often served with rice or bread. Ital Stew is a healthy and hearty meal that is perfect for vegetarians and meat-eaters alike.",,643449e8b4a92de07f4e0008,0
64346ac8b4a92de07f4e00d6,Maque Choux,100,"Maque Choux is a traditional Cajun and Creole dish from Louisiana that consists of corn, onions, peppers, and tomatoes, cooked in butter and flavored with Cajun spices. This savory side dish is often served with seafood, meat, or rice and has a sweet and slightly spicy taste that is perfect for a summer barbecue or a cozy winter meal.",,643449e8b4a92de07f4e0008,0
64346ae5b4a92de07f4e00d8,Festival,100,"Festival is a popular Jamaican street food that is made from a mixture of cornmeal, flour, and spices, rolled into small balls and deep-fried until golden brown. This crispy and flavorful snack is often served with Jamaican jerk chicken or fish, and has a sweet and savory taste that is perfect for a quick bite on the go.",,643449e8b4a92de07f4e0008,0
64346b0fb4a92de07f4e00da,Fried Green Tomatoes,100,"Fried Green Tomatoes are a southern American dish made by slicing unripe green tomatoes, coating them in seasoned cornmeal or flour, and then frying until crispy and golden brown. This dish has a tangy and slightly tart taste that is balanced by the crispy texture and savory seasoning. Fried Green Tomatoes are often served as a side dish or as a snack with dipping sauces.",,643449e8b4a92de07f4e0008,0
64346b3cb4a92de07f4e00dc,Avocado Toast,100,"Avocado Toast is a simple and delicious breakfast or snack that consists of sliced avocado on top of toasted bread, often with additional toppings such as salt, pepper, lemon juice, chili flakes, or poached eggs. This dish is popular for its creamy texture and healthy fats, making it a nutritious and satisfying meal option.",,643449e8b4a92de07f4e0008,0
64346b62b4a92de07f4e00de,Classic Apple Pie,100,"Classic Apple Pie is a timeless dessert made by filling a buttery and flaky crust with a mixture of thinly sliced apples, sugar, cinnamon, and butter. This iconic pie is typically served warm with a scoop of vanilla ice cream or a dollop of whipped cream. Its sweet and spicy aroma and tender, juicy filling make it a comforting treat that is perfect for any occasion.",,643449e8b4a92de07f4e0008,0
64346b7eb4a92de07f4e00e0,Broccoli quinoa cakes,100,"Broccoli quinoa cakes are a delicious and healthy vegetarian dish made with a mixture of cooked quinoa, mashed broccoli, breadcrumbs, and eggs. The mixture is formed into patties and pan-fried until crispy and golden brown. These cakes are packed with nutrients and fiber, and can be served as a main dish or a side dish.",,643449e8b4a92de07f4e0008,0
64346b99b4a92de07f4e00e2,Pastrami Sandwich,100,"Pastrami Sandwich is a popular deli sandwich made with thinly sliced, smoky and savory pastrami, piled high on rye bread, and typically topped with mustard or Russian dressing and a slice of Swiss cheese. This classic sandwich is known for its bold flavors and satisfying texture, making it a staple in many delis and diners.",,643449e8b4a92de07f4e0008,0
64346bbab4a92de07f4e00e4,Chicken Over Rice,100,"Chicken Over Rice is a popular street food dish in many cities, especially in New York City. It is made with flavorful, tender, and thinly sliced chicken that is served over a bed of seasoned rice, typically with a side of lettuce, tomatoes, and a tangy white sauce. This quick and satisfying meal is perfect for lunch or dinner on-the-go.",,643449e8b4a92de07f4e0008,0
64346be1b4a92de07f4e00e6,Corn Dog,100,"A Corn Dog is a classic American carnival or fair food consisting of a hot dog on a stick coated in a thick layer of cornmeal batter and deep-fried until crispy and golden brown. It is a popular handheld snack that is easy to eat while walking around and enjoying the festivities. Corn Dogs can be served with ketchup, mustard, or any dipping sauce of your choice.",,643449e8b4a92de07f4e0008,0
64346c00b4a92de07f4e00e8,Beef Brisket,100,"Beef Brisket is a slow-cooked cut of beef that is tender and flavorful. It is usually seasoned with a dry rub of spices or marinated overnight before being smoked or roasted for several hours until it is fall-apart tender. Beef Brisket is often served as the centerpiece of a hearty meal and pairs well with sides like coleslaw, baked beans, or mac and cheese.",,643449e8b4a92de07f4e0008,0
64346c21b4a92de07f4e00ea,Chicken A La King,100,"Chicken à la King is a classic comfort food dish made with tender chunks of chicken, mushrooms, and colorful bell peppers in a creamy sauce flavored with sherry or white wine. It is usually served over toasted bread, rice, or noodles and garnished with fresh herbs like parsley or chives. Chicken à la King is a delicious and satisfying dish that is perfect for a cozy dinner at home.",,643449e8b4a92de07f4e0008,0
64346c46b4a92de07f4e00ec,Steak Diane,100,"Steak Diane is a classic dish made with pan-seared steak served in a rich and creamy sauce flavored with shallots, garlic, Worcestershire sauce, and brandy. The sauce is often finished with a touch of cream and fresh herbs like parsley or thyme. Steak Diane is a decadent and flavorful meal that is perfect for a special occasion or a romantic dinner for two.",,643449e8b4a92de07f4e0008,0
64346c94b4a92de07f4e00ee,Skordalia,100,"Skordalia is a traditional Greek dip made with mashed potatoes or soaked and mashed bread, garlic, olive oil, vinegar, and salt. Some versions also include almonds or walnuts. The mixture is blended into a smooth and creamy dip that is served cold as an appetizer or side dish. Skordalia has a tangy and garlicky flavor that pairs well with grilled meats, vegetables, or pita bread.",,64344a12b4a92de07f4e000a,0
64346cbfb4a92de07f4e00f0,Greek Lemon Potatoes,100,"Greek Lemon Potatoes are a classic dish that combines crispy roasted potatoes with a tangy lemon and herb flavor. Potatoes are marinated in olive oil, lemon juice, garlic, and oregano, and then roasted until golden and tender. It's a simple yet flavorful side dish that is perfect for any Greek or Mediterranean-inspired meal.",,64344a12b4a92de07f4e000a,0
64346ce3b4a92de07f4e00f2,Chickpea Gyro,100,"Chickpea gyro is a vegetarian take on the traditional Greek street food. Chickpeas are seasoned with garlic, oregano, and paprika, then pan-fried and served in a warm pita bread with fresh vegetables, tzatziki sauce, and feta cheese. It is a healthy and flavorful option that is perfect for lunch or dinner.",,64344a12b4a92de07f4e000a,0
64346d12b4a92de07f4e00f4,Jackfruit Gyro,100,"Jackfruit Gyro is a vegan twist on a classic Greek street food. Tender jackfruit is cooked in savory spices and stuffed into a warm pita bread with lettuce, tomatoes, onions, and a tangy tzatziki sauce. This flavorful and healthy dish is a perfect meatless option for gyro lovers.",,64344a12b4a92de07f4e000a,0
64346d39b4a92de07f4e00f6,Greek Green Beans,100,"Greek green beans, or fasolakia, are a classic Greek dish featuring tender green beans stewed in a rich tomato sauce with onions, garlic, and herbs like oregano and dill. Often served as a side dish or as a main course with crusty bread, this vegetarian-friendly dish is hearty, comforting, and bursting with flavor.",,64344a12b4a92de07f4e000a,0
64346d60b4a92de07f4e00f8,Spanakopita,100,"Spanakopita is a Greek savory pastry made with phyllo dough, spinach, feta cheese, and herbs. The filling is seasoned with dill, onion, and sometimes scallions or leeks. The phyllo dough is layered with the filling, creating a flaky and crispy exterior. It is commonly served as a snack or appetizer but can also be enjoyed as a main dish with a side salad.",,64344a12b4a92de07f4e000a,0
64346d7db4a92de07f4e00fa,Tzatziki,100,"Tzatziki is a classic Greek sauce made from strained yogurt, grated cucumber, garlic, olive oil, and herbs. It's a refreshing and tangy dip that's perfect for dipping pita bread or vegetables. It's also great as a topping for grilled meats, sandwiches, and salads. Tzatziki is easy to make and can be customized with your favorite herbs and spices.",,64344a12b4a92de07f4e000a,0
64346db5b4a92de07f4e00fc,Greek Chickpea Soup,100,"Greek chickpea soup, also known as Revithosoupa, is a hearty and flavorful dish made with chickpeas, vegetables, and herbs like garlic, onion, and oregano. The ingredients are simmered together in a flavorful broth until the chickpeas are tender and the soup has a thick and creamy texture. It's a comforting and nutritious meal that's perfect for cold winter days.",,64344a12b4a92de07f4e000a,0
64346dd7b4a92de07f4e00fe,Briam,100,"Briam is a traditional Greek dish that consists of roasted vegetables like zucchini, eggplant, bell peppers, and potatoes. The vegetables are seasoned with olive oil, garlic, and oregano, and then baked in the oven until they are tender and slightly charred. The dish is simple yet flavorful, and can be served as a side dish or a vegetarian main course. It's a healthy and delicious way to enjoy the flavors of the Mediterranean.",,64344a12b4a92de07f4e000a,0
64346e0cb4a92de07f4e0100,Giouvetsi,100,"Giouvetsi is a popular Greek dish made with tender beef or lamb, tomatoes, orzo pasta, and a blend of aromatic herbs and spices. The meat and pasta are cooked together in a tomato-based sauce until they are tender and infused with flavor. The dish is then topped with grated cheese and baked until the cheese is melted and bubbly. It's a hearty and satisfying dish that's perfect for sharing with family and friends.",,64344a12b4a92de07f4e000a,0
64346e25b4a92de07f4e0102,Moussaka,100,"Moussaka is a classic Greek dish that is made with layers of eggplant, seasoned ground meat, and a creamy béchamel sauce. The dish is then baked until it's golden and bubbly on top. It's a rich and flavorful dish that is often served as a main course and is popular throughout Greece and the Mediterranean region.",,64344a12b4a92de07f4e000a,0
64346e59b4a92de07f4e0104,Gemista,100,"Gemista is a popular Greek dish that consists of stuffed vegetables, usually tomatoes, peppers, and zucchini, filled with a mixture of rice, herbs, and spices. The vegetables are then baked in the oven until they are tender and the rice is cooked. It's a healthy and flavorful dish that is often served as a vegetarian main course or as a side dish to meat or fish.",,64344a12b4a92de07f4e000a,0
